,SHAP,Equal,Entropy,PCA
SHAP,,,,
Equal,,1.0,0.9962313631530197,0.7736382975106267
Entropy,,0.9962313631530197,1.0,0.8086298054644138
PCA,,0.7736382975106267,0.8086298054644138,1.0
