,SHAP,Equal,Entropy,PCA
SHAP,1.0,0.876185582331718,0.8526952169790472,0.5918202154023837
Equal,0.876185582331718,1.0,0.9905071152763054,0.873676082591936
Entropy,0.8526952169790472,0.9905071152763054,1.0,0.9049066313640305
PCA,0.5918202154023837,0.873676082591936,0.9049066313640305,1.0
