dens_tertile,mean,std,count
low,-3.0016966350743335,6.602178063037526,75
mid,5.4552827929763845,14.695086034747833,74
high,-5.336026040844132,13.198599780910323,75
