stage,net_rate_mean,net_rate_std,n
growth,-2.577710113693377,7.183856936834527,76
middle,5.289152862517744,14.486713858492406,75
mature,-5.3294649572783745,13.201293049922393,75
